# ************************************************************
# Sequel Ace SQL dump
# Version 20062
#
# https://sequel-ace.com/
# https://github.com/Sequel-Ace/Sequel-Ace
#
# Host: 127.0.0.1 (MySQL 8.0.26-google)
# Datenbank: profilepicture
# Verarbeitungszeit: 2023-11-27 14:19:13 +0000
# ************************************************************


/*!40101 SET @OLD_CHARACTER_SET_CLIENT=@@CHARACTER_SET_CLIENT */;
/*!40101 SET @OLD_CHARACTER_SET_RESULTS=@@CHARACTER_SET_RESULTS */;
/*!40101 SET @OLD_COLLATION_CONNECTION=@@COLLATION_CONNECTION */;
SET NAMES utf8mb4;
/*!40014 SET @OLD_FOREIGN_KEY_CHECKS=@@FOREIGN_KEY_CHECKS, FOREIGN_KEY_CHECKS=0 */;
/*!40101 SET @OLD_SQL_MODE='NO_AUTO_VALUE_ON_ZERO', SQL_MODE='NO_AUTO_VALUE_ON_ZERO' */;
/*!40111 SET @OLD_SQL_NOTES=@@SQL_NOTES, SQL_NOTES=0 */;


# Tabellen-Dump class
# ------------------------------------------------------------

DROP TABLE IF EXISTS `class`;

CREATE TABLE `class` (
  `id` binary(16) NOT NULL DEFAULT (uuid_to_bin(uuid())),
  `unique_name` varchar(255) NOT NULL,
  `friendly_name` varchar(255) NOT NULL,
  `created_at` timestamp NOT NULL DEFAULT (now()),
  PRIMARY KEY (`id`),
  UNIQUE KEY `unique_name` (`unique_name`)
) ENGINE=InnoDB DEFAULT CHARSET=utf8mb4 COLLATE=utf8mb4_0900_ai_ci;

LOCK TABLES `class` WRITE;
/*!40000 ALTER TABLE `class` DISABLE KEYS */;

INSERT INTO `class` (`id`, `unique_name`, `friendly_name`, `created_at`)
VALUES
	(X'0196D53E39F811EEACA842010AAC0005','BMI2024a','BMI1a','2023-08-13 16:39:43'),
	(X'0196DEAC39F811EEACA842010AAC0005','BMI2024b','BMI1b','2023-08-13 16:39:43'),
	(X'1BA44E3B3A7811EEACA842010AAC0005','employee','Employee','2023-08-14 07:56:42'),
	(X'C8EEA4FD7F9C11EE9D7342010AAC0008','INFA2021a','INFA3a','2023-11-10 07:43:05'),
	(X'C8EF08FE7F9C11EE9D7342010AAC0008','INFA2021b','INFA3b','2023-11-10 07:43:05'),
	(X'DD0AF2CB3CF311EEACA842010AAC0005','infa2023a','INFA1a','2023-08-17 11:47:37'),
	(X'DD0AFE433CF311EEACA842010AAC0005','infa2023b','INFA1b','2023-08-17 11:47:37'),
	(X'DD0AFF223CF311EEACA842010AAC0005','infa2023f','INFA1f','2023-08-17 11:47:37'),
	(X'DD0AFFA03CF311EEACA842010AAC0005','infawu2023','INFAWU1','2023-08-17 11:47:37'),
	(X'E727B9BE48D411EEACA842010AAC0005','sl','Schulleitung','2023-09-01 14:36:14'),
	(X'E728351648D411EEACA842010AAC0005','ad','Administration','2023-09-01 14:36:14'),
	(X'E7283B5048D411EEACA842010AAC0005','it','IT-Technik','2023-09-01 14:36:14'),
	(X'E7286AD148D411EEACA842010AAC0005','infa','Informatik Applikationsentwicklung','2023-09-01 14:36:14');

/*!40000 ALTER TABLE `class` ENABLE KEYS */;
UNLOCK TABLES;


# Tabellen-Dump image
# ------------------------------------------------------------

DROP TABLE IF EXISTS `image`;

CREATE TABLE `image` (
  `id` binary(16) NOT NULL DEFAULT (uuid_to_bin(uuid())),
  `token_id` binary(16) NOT NULL,
  `file_name` varchar(255) NOT NULL,
  `ai_validation` enum('none','requested','passed','failed') NOT NULL DEFAULT 'none',
  `manual_review` enum('none','requested','passed','rejected') NOT NULL DEFAULT 'none',
  `created_at` timestamp NOT NULL DEFAULT CURRENT_TIMESTAMP,
  PRIMARY KEY (`id`),
  UNIQUE KEY `file_name` (`file_name`),
  KEY `fk_token` (`token_id`),
  CONSTRAINT `fk_token` FOREIGN KEY (`token_id`) REFERENCES `token` (`id`)
) ENGINE=InnoDB DEFAULT CHARSET=utf8mb4 COLLATE=utf8mb4_0900_ai_ci;

LOCK TABLES `image` WRITE;
/*!40000 ALTER TABLE `image` DISABLE KEYS */;

INSERT INTO `image` (`id`, `token_id`, `file_name`, `ai_validation`, `manual_review`, `created_at`)
VALUES
	(X'0879C66E3DA311EEACA842010AAC0005',X'FE80D2943CF411EEACA842010AAC0005','1dcebfdf-4b3d-420d-86c6-b6605fc06cf8','none','rejected','2023-08-18 08:41:32'),
	(X'0B16AACD7FC511EE9D7342010AAC0008',X'F68D770B7FB011EE9D7342010AAC0008','0ae9c334-6984-43dd-b950-c2c0d524aceb','none','rejected','2023-11-10 12:31:16'),
	(X'0BE557B63DBE11EEACA842010AAC0005',X'FE80E5203CF411EEACA842010AAC0005','3a101be9-5940-4f67-a095-52d7aba11c6c','none','passed','2023-08-18 11:54:54'),
	(X'0D2B4FD97FC511EE9D7342010AAC0008',X'F68D759B7FB011EE9D7342010AAC0008','62dbb418-5680-4aaf-8406-95f218cf02b7','none','none','2023-11-10 12:31:20'),
	(X'0D91796C3DBA11EEACA842010AAC0005',X'FE80D7073CF411EEACA842010AAC0005','a379e06b-0472-4bc5-8105-d275f0c9f62b','none','passed','2023-08-18 11:26:19'),
	(X'1B5D606A3AEC11EEACA842010AAC0005',X'A3B4359E3A0E11EEACA842010AAC0005','117d864e-6a93-483f-bfaf-71143efb85c0','none','passed','2023-08-14 21:47:04'),
	(X'1BC491833DBE11EEACA842010AAC0005',X'FE80E4273CF411EEACA842010AAC0005','7ad3329d-3571-4150-8a20-ae816a804665','none','passed','2023-08-18 11:55:21'),
	(X'209B29344B2D11EE92C542010AAC0006',X'9ACF24744A6811EE92C542010AAC0006','e05c3103-d58d-41b1-bf07-79eac1eb0b45','none','passed','2023-09-04 14:12:48'),
	(X'27CB66C23DB911EEACA842010AAC0005',X'FE80D7843CF411EEACA842010AAC0005','d3012d08-a129-4a6e-91c9-c9296b2c05ca','none','passed','2023-08-18 11:19:54'),
	(X'28EF31AA7FC511EE9D7342010AAC0008',X'F68DAEF87FB011EE9D7342010AAC0008','a6bb869e-a62e-46cd-bd78-e215ff7d71db','none','none','2023-11-10 12:32:06'),
	(X'292802F83DBE11EEACA842010AAC0005',X'FE80E4A83CF411EEACA842010AAC0005','3a0c5abe-7e53-4c28-987a-eee5a97a7269','none','rejected','2023-08-18 11:55:43'),
	(X'297943617FC511EE9D7342010AAC0008',X'F68DAEF87FB011EE9D7342010AAC0008','eab6d240-ff32-43e7-b5d4-75a3f8e7a6cf','none','none','2023-11-10 12:32:07'),
	(X'3326CDBE4B2D11EE92C542010AAC0006',X'9ACF24744A6811EE92C542010AAC0006','5e86675c-1b78-4766-9213-e68d2b794815','none','rejected','2023-09-04 14:13:19'),
	(X'338D4A743DBB11EEACA842010AAC0005',X'FE80DB373CF411EEACA842010AAC0005','69039056-831d-4d55-9d48-9b039c4c441f','none','passed','2023-08-18 11:34:32'),
	(X'36A2C80F3DB711EEACA842010AAC0005',X'FE80DC333CF411EEACA842010AAC0005','cb199a69-97df-49d5-a71e-afdf974862ad','none','passed','2023-08-18 11:06:00'),
	(X'3EAA86CD4B2D11EE92C542010AAC0006',X'EDF5B2AB4A6611EE92C542010AAC0006','dbee088d-2185-479b-a25e-23f7a4682606','none','none','2023-09-04 14:13:39'),
	(X'483B86D73DBA11EEACA842010AAC0005',X'FE80D02F3CF411EEACA842010AAC0005','d465a3bb-f5f7-4e6c-b5d6-9d918756db56','none','passed','2023-08-18 11:27:58'),
	(X'502A714F3F8A11EEACA842010AAC0005',X'FE80E3A33CF411EEACA842010AAC0005','bf4e87e2-bc75-42ae-87e6-4b7f87c649d9','none','rejected','2023-08-20 18:49:37'),
	(X'502EC05F3F8A11EEACA842010AAC0005',X'FE80E3A33CF411EEACA842010AAC0005','1d502262-a9cb-4013-8720-7c5fca5232b7','none','rejected','2023-08-20 18:49:37'),
	(X'52F29FD37FC511EE9D7342010AAC0008',X'F68DB0107FB011EE9D7342010AAC0008','46cc394c-3f53-4ede-8ff1-2b150b0cc7da','none','none','2023-11-10 12:33:17'),
	(X'5420CBA87FC511EE9D7342010AAC0008',X'F68D70027FB011EE9D7342010AAC0008','c06dd902-2f03-4974-afcc-352814fa1baf','none','none','2023-11-10 12:33:19'),
	(X'564D8A777FC511EE9D7342010AAC0008',X'F68DB0C47FB011EE9D7342010AAC0008','a0c9d359-4aab-4f58-a6cb-19497eac0dce','none','passed','2023-11-10 12:33:22'),
	(X'5AC0BBB63DBC11EEACA842010AAC0005',X'FE80E3233CF411EEACA842010AAC0005','fc0e3e4d-11e0-4881-b370-5ea355f20ed6','none','passed','2023-08-18 11:42:48'),
	(X'5B1A8DC5703F11EE9D7342010AAC0008',X'EDF5B1E14A6611EE92C542010AAC0006','c27b5dfe-c41b-44a7-96d9-cc506c32b3ef','none','rejected','2023-10-21 18:26:30'),
	(X'5CF6AB2F3A1611EEACA842010AAC0005',X'A3B4359E3A0E11EEACA842010AAC0005','560404cf-ee42-4340-ac1f-06c1d6a3b3c9','none','passed','2023-08-13 20:17:01'),
	(X'6D4E74953A1411EEACA842010AAC0005',X'A3B4359E3A0E11EEACA842010AAC0005','ea36c8f3-7d69-44fb-a411-e44ff2456ec1','none','passed','2023-08-13 20:03:10'),
	(X'6EDB04543DBA11EEACA842010AAC0005',X'FE8119D13CF411EEACA842010AAC0005','aaab907b-3d32-4d63-900b-c175436c074a','none','passed','2023-08-18 11:29:02'),
	(X'75E0D97D3DBA11EEACA842010AAC0005',X'FE811BF53CF411EEACA842010AAC0005','d9ef75e6-42cc-4556-806d-0d85b2386c7e','none','passed','2023-08-18 11:29:14'),
	(X'773F77743DBB11EEACA842010AAC0005',X'FE80E7D83CF411EEACA842010AAC0005','83fd3036-5661-49d0-9643-5e02083d8cd4','none','passed','2023-08-18 11:36:26'),
	(X'77BA0A573A7B11EEACA842010AAC0005',X'A3B4359E3A0E11EEACA842010AAC0005','a2b39246-e4d3-4f68-b4d0-c5a3cf34afb0','none','rejected','2023-08-14 08:20:45'),
	(X'79808C1A7FC511EE9D7342010AAC0008',X'F68DB06C7FB011EE9D7342010AAC0008','4eeca95d-3303-48e2-9fce-84789829fac7','none','none','2023-11-10 12:34:21'),
	(X'83BBDAD33DB911EEACA842010AAC0005',X'FE811B083CF411EEACA842010AAC0005','b0649fd8-f3f0-4dde-93d7-880cb7788860','none','passed','2023-08-18 11:22:28'),
	(X'852CD3EB3DBA11EEACA842010AAC0005',X'FE80D5493CF411EEACA842010AAC0005','152d9e3e-84ed-4804-bfb6-15841686301a','none','passed','2023-08-18 11:29:40'),
	(X'91C2F0A03DBB11EEACA842010AAC0005',X'FE811B8B3CF411EEACA842010AAC0005','ce02e17d-d22f-458c-8b16-503c21cf5713','none','passed','2023-08-18 11:37:10'),
	(X'9F0CFA783A1411EEACA842010AAC0005',X'A3B4359E3A0E11EEACA842010AAC0005','c6a5f3fd-3faf-4816-ab50-eee5e0dc701b','none','passed','2023-08-13 20:04:33'),
	(X'9F9FED287FB811EE9D7342010AAC0008',X'F68DB40F7FB011EE9D7342010AAC0008','543da6ed-e17f-4212-8c8f-415069006cb5','none','none','2023-11-10 11:02:22'),
	(X'A0FD6AA63DA211EEACA842010AAC0005',X'FE80D5D13CF411EEACA842010AAC0005','7406f79a-27d7-444b-b13e-b55be84b0247','none','rejected','2023-08-18 08:38:39'),
	(X'A489D9827FB811EE9D7342010AAC0008',X'F68DB2267FB011EE9D7342010AAC0008','b4eb16ea-2dbd-478a-8832-249963fd8eee','none','none','2023-11-10 11:02:30'),
	(X'A4ED1F143B6F11EEACA842010AAC0005',X'A3B4359E3A0E11EEACA842010AAC0005','312fd79e-3c2b-4ac8-9f9f-b2276e8ecde7','none','passed','2023-08-15 13:28:38'),
	(X'ABF743BE7FC411EE9D7342010AAC0008',X'F68D66837FB011EE9D7342010AAC0008','c7c883b1-87c4-452c-9abf-0a59cdeac829','none','none','2023-11-10 12:28:37'),
	(X'ACF228ED3DBC11EEACA842010AAC0005',X'FE80E2343CF411EEACA842010AAC0005','2acff916-b609-4342-8d09-0a72f67ce1ee','none','passed','2023-08-18 11:45:05'),
	(X'B03849DB7FB811EE9D7342010AAC0008',X'F68DB27E7FB011EE9D7342010AAC0008','99dbccdd-8c78-4130-b421-2a566ffff756','none','none','2023-11-10 11:02:50'),
	(X'B43B733B7FB811EE9D7342010AAC0008',X'F68DB11F7FB011EE9D7342010AAC0008','f2798dc5-6ed8-4ce6-8cf7-75cb0e08eaa0','none','none','2023-11-10 11:02:56'),
	(X'B793A4773DB911EEACA842010AAC0005',X'FE80DBB13CF411EEACA842010AAC0005','62b59e46-d31b-410f-87d1-e6c6b2a49f64','none','passed','2023-08-18 11:23:55'),
	(X'C798DE653DB911EEACA842010AAC0005',X'FE80E85B3CF411EEACA842010AAC0005','e51bb348-c777-4682-8b57-725b82ab6ad4','none','passed','2023-08-18 11:24:22'),
	(X'CB298C887FB811EE9D7342010AAC0008',X'F68DB6DA7FB011EE9D7342010AAC0008','8de524ab-ec17-46be-a5f7-6c1a295aa842','none','none','2023-11-10 11:03:35'),
	(X'CEAFFBBC7FB811EE9D7342010AAC0008',X'F68DB55E7FB011EE9D7342010AAC0008','7fb584b8-0ab3-43f5-8a1e-6ffe1e6caf44','none','none','2023-11-10 11:03:41'),
	(X'D1CA02097FB811EE9D7342010AAC0008',X'F68DB1757FB011EE9D7342010AAC0008','b6190f1f-6499-4dee-9548-e6b35925f8e9','none','none','2023-11-10 11:03:46'),
	(X'D2F634067FB811EE9D7342010AAC0008',X'F68DB33B7FB011EE9D7342010AAC0008','50135ec8-5d25-4faf-aabd-ea4542750626','none','none','2023-11-10 11:03:48'),
	(X'DA575B1E3A0E11EEACA842010AAC0005',X'A3B4359E3A0E11EEACA842010AAC0005','294fd7fb-0443-4e14-ae1e-0ccd90899a75','none','passed','2023-08-13 19:23:16'),
	(X'DAB4BBA33A7811EEACA842010AAC0005',X'A3B4359E3A0E11EEACA842010AAC0005','b2aa68ff-669f-4284-97af-1676191811c1','none','passed','2023-08-14 08:02:03'),
	(X'DE7F66817FC411EE9D7342010AAC0008',X'F68D739F7FB011EE9D7342010AAC0008','64a9553f-8abd-4705-af39-470b40bd7ab5','none','none','2023-11-10 12:30:01'),
	(X'E02509503DBC11EEACA842010AAC0005',X'FE80D9AB3CF411EEACA842010AAC0005','ed7d5c41-2119-4338-9396-af33504f19ee','none','passed','2023-08-18 11:46:31'),
	(X'E40BDD113DBA11EEACA842010AAC0005',X'FE80D67B3CF411EEACA842010AAC0005','2a24d2b9-2235-4065-89ea-0b814dc8369d','none','passed','2023-08-18 11:32:19'),
	(X'E67CFAF23DB911EEACA842010AAC0005',X'FE80D30E3CF411EEACA842010AAC0005','9801f4f3-9909-47ed-a026-874189a26614','none','passed','2023-08-18 11:25:14'),
	(X'E86F8B0D7FB811EE9D7342010AAC0008',X'F68DB1D17FB011EE9D7342010AAC0008','0afb983a-560f-4e16-bb7d-0b96e3de20dd','none','none','2023-11-10 11:04:24'),
	(X'E8C182323DBB11EEACA842010AAC0005',X'FE80E62E3CF411EEACA842010AAC0005','388d473f-c2ae-4ba9-971a-1341e3bb8630','none','passed','2023-08-18 11:39:36'),
	(X'EF2DB1204B2C11EE92C542010AAC0006',X'EDF5BAC94A6611EE92C542010AAC0006','926904da-9070-4c41-97a0-c79db2e6e91b','none','none','2023-09-04 14:11:25'),
	(X'F0F510274B2C11EE92C542010AAC0006',X'EDF5A46B4A6611EE92C542010AAC0006','983de1ce-8f2f-42e2-8b37-42cbcfa898d1','none','passed','2023-09-04 14:11:28'),
	(X'F1F99F393DBA11EEACA842010AAC0005',X'FE80E1B23CF411EEACA842010AAC0005','cff545b7-aeb7-44e7-b307-327cf6f41bc5','none','passed','2023-08-18 11:32:42'),
	(X'F5D03A003DBC11EEACA842010AAC0005',X'FE80D9203CF411EEACA842010AAC0005','1c556412-1330-4403-b257-687c78695255','none','passed','2023-08-18 11:47:08'),
	(X'F7567CBA4B2C11EE92C542010AAC0006',X'EDF5B5084A6611EE92C542010AAC0006','b65578b7-e11e-44ed-aadd-062a8b745d8f','none','none','2023-09-04 14:11:39'),
	(X'FA057C283DBB11EEACA842010AAC0005',X'FE80D1E63CF411EEACA842010AAC0005','cbb077c6-b6f1-4a26-93ce-a6d2e4e57da3','none','passed','2023-08-18 11:40:05'),
	(X'FB7AFD557FC411EE9D7342010AAC0008',X'F68D76AE7FB011EE9D7342010AAC0008','7ed3e8a6-efdb-48e9-bb79-58a4e7af3441','none','passed','2023-11-10 12:30:50');

/*!40000 ALTER TABLE `image` ENABLE KEYS */;
UNLOCK TABLES;


# Tabellen-Dump student
# ------------------------------------------------------------

DROP TABLE IF EXISTS `student`;

CREATE TABLE `student` (
  `id` binary(16) NOT NULL DEFAULT (uuid_to_bin(uuid())),
  `gib` varchar(255) NOT NULL,
  `class_id` binary(16) NOT NULL,
  `username` varchar(255) NOT NULL,
  `first_name` varchar(255) NOT NULL,
  `last_name` varchar(255) NOT NULL,
  `created_at` timestamp NOT NULL DEFAULT CURRENT_TIMESTAMP,
  PRIMARY KEY (`id`),
  UNIQUE KEY `gib` (`gib`),
  UNIQUE KEY `username` (`username`),
  KEY `fk_class` (`class_id`),
  CONSTRAINT `fk_class` FOREIGN KEY (`class_id`) REFERENCES `class` (`id`) ON DELETE CASCADE
) ENGINE=InnoDB DEFAULT CHARSET=utf8mb4 COLLATE=utf8mb4_0900_ai_ci;

LOCK TABLES `student` WRITE;
/*!40000 ALTER TABLE `student` DISABLE KEYS */;

INSERT INTO `student` (`id`, `gib`, `class_id`, `username`, `first_name`, `last_name`, `created_at`)
VALUES
	(X'0198925C39F811EEACA842010AAC0005','test_yes',X'0196D53E39F811EEACA842010AAC0005','test_hkekmeier','Hans','Meier','2023-08-13 16:39:43'),
	(X'0198993D39F811EEACA842010AAC0005','test_haha',X'0196D53E39F811EEACA842010AAC0005','test_bobama','Barack','Obama','2023-08-13 16:39:43'),
	(X'0198A9BD39F811EEACA842010AAC0005','test_no',X'0196DEAC39F811EEACA842010AAC0005','test_dtrump2','Donald','Trump','2023-08-13 16:39:43'),
	(X'57CB07CB48D511EEACA842010AAC0005','GIB075516',X'E727B9BE48D411EEACA842010AAC0005','pstalder2','Patrick','Stalder','2023-09-01 14:39:23'),
	(X'57CB742D48D511EEACA842010AAC0005','GIB008139',X'E727B9BE48D411EEACA842010AAC0005','pzeiger','Patrick','Zeiger','2023-09-01 14:39:23'),
	(X'57CB77BD48D511EEACA842010AAC0005','GIB071006',X'E727B9BE48D411EEACA842010AAC0005','rtobler','Regula','Tobler','2023-09-01 14:39:23'),
	(X'57CB78C148D511EEACA842010AAC0005','GIB004855',X'E727B9BE48D411EEACA842010AAC0005','wodermatt','Werner','Odermatt','2023-09-01 14:39:23'),
	(X'57CB7F1248D511EEACA842010AAC0005','GIB009649',X'E727B9BE48D411EEACA842010AAC0005','akobel','Alex','Kobel','2023-09-01 14:39:23'),
	(X'57CB816648D511EEACA842010AAC0005','GIB083356',X'E727B9BE48D411EEACA842010AAC0005','ploetscher','Peter','Lötscher','2023-09-01 14:39:23'),
	(X'57CB826248D511EEACA842010AAC0005','GIB079567',X'E7283B5048D411EEACA842010AAC0005','bschilliger','Beat','Schilliger','2023-09-01 14:39:23'),
	(X'57CB844048D511EEACA842010AAC0005','GIB000266',X'E7283B5048D411EEACA842010AAC0005','sbritschgi','Silvio','Britschgi','2023-09-01 14:39:23'),
	(X'57CB854448D511EEACA842010AAC0005','GIB042746',X'E728351648D411EEACA842010AAC0005','fmuff2','Fabienne','Muff','2023-09-01 14:39:23'),
	(X'57CB862848D511EEACA842010AAC0005','GIB053478',X'E7286AD148D411EEACA842010AAC0005','pgisler2','Peter','Gisler','2023-09-01 14:39:23'),
	(X'843A9A844A6811EE92C542010AAC0006','GIB_mschumacher',X'E728351648D411EEACA842010AAC0005','mschumacher','Melanie','Schumacher','2023-09-03 14:45:25'),
	(X'C8F158857F9C11EE9D7342010AAC0008','GIB075705',X'C8EEA4FD7F9C11EE9D7342010AAC0008','randermatt4','Raphael Simon Maria','Andermatt','2023-11-10 07:43:05'),
	(X'C8F161837F9C11EE9D7342010AAC0008','GIB076767',X'C8EEA4FD7F9C11EE9D7342010AAC0008','abarletta','Alessandro','Barletta','2023-11-10 07:43:05'),
	(X'C8F163437F9C11EE9D7342010AAC0008','GIB076697',X'C8EEA4FD7F9C11EE9D7342010AAC0008','pbitterli','Pascal Marc','Bitterli','2023-11-10 07:43:05'),
	(X'C8F1649E7F9C11EE9D7342010AAC0008','GIB076580',X'C8EEA4FD7F9C11EE9D7342010AAC0008','eceylan','Emre','Ceylan','2023-11-10 07:43:05'),
	(X'C8F165507F9C11EE9D7342010AAC0008','GIB076582',X'C8EEA4FD7F9C11EE9D7342010AAC0008','shennawi','Shamoun','Hennawi','2023-11-10 07:43:05'),
	(X'C8F165F47F9C11EE9D7342010AAC0008','GIB076330',X'C8EEA4FD7F9C11EE9D7342010AAC0008','ajeyakumar','Alaxsan','Jeyakumar','2023-11-10 07:43:05'),
	(X'C8F1668C7F9C11EE9D7342010AAC0008','GIB075707',X'C8EEA4FD7F9C11EE9D7342010AAC0008','akovani','Arjanis','Kovani','2023-11-10 07:43:05'),
	(X'C8F167257F9C11EE9D7342010AAC0008','GIB075704',X'C8EEA4FD7F9C11EE9D7342010AAC0008','mluond','Marc','Lüönd','2023-11-10 07:43:05'),
	(X'C8F167BE7F9C11EE9D7342010AAC0008','GIB076578',X'C8EEA4FD7F9C11EE9D7342010AAC0008','toswald','Timo Laurin','Oswald','2023-11-10 07:43:05'),
	(X'C8F18DFC7F9C11EE9D7342010AAC0008','GIB076255',X'C8EEA4FD7F9C11EE9D7342010AAC0008','dott','Dominik Markus','Ott','2023-11-10 07:43:05'),
	(X'C8F1911C7F9C11EE9D7342010AAC0008','GIB075702',X'C8EEA4FD7F9C11EE9D7342010AAC0008','jpoeffel','Joana','Poeffel','2023-11-10 07:43:05'),
	(X'C8F192047F9C11EE9D7342010AAC0008','GIB076584',X'C8EEA4FD7F9C11EE9D7342010AAC0008','prajendran','Pharusa','Rajendran','2023-11-10 07:43:05'),
	(X'C8F192A87F9C11EE9D7342010AAC0008','GIB074730',X'C8EEA4FD7F9C11EE9D7342010AAC0008','aspindler','Andri','Spindler','2023-11-10 07:43:05'),
	(X'C8F1937F7F9C11EE9D7342010AAC0008','GIB075252',X'C8EEA4FD7F9C11EE9D7342010AAC0008','ssuthan','Saahithyan','Suthan','2023-11-10 07:43:05'),
	(X'C8F1941B7F9C11EE9D7342010AAC0008','GIB075699',X'C8EEA4FD7F9C11EE9D7342010AAC0008','jtrunk','Joël','Trunk','2023-11-10 07:43:05'),
	(X'C8F194B17F9C11EE9D7342010AAC0008','GIB076259',X'C8EEA4FD7F9C11EE9D7342010AAC0008','julrich4','Joaquin Soleil Amaru','Ulrich','2023-11-10 07:43:05'),
	(X'C8F198537F9C11EE9D7342010AAC0008','GIB076696',X'C8EEA4FD7F9C11EE9D7342010AAC0008','eveliu','Ejub','Veliu','2023-11-10 07:43:05'),
	(X'C8F19EF17F9C11EE9D7342010AAC0008','GIB076585',X'C8EEA4FD7F9C11EE9D7342010AAC0008','avincenz','Andrin','Vincenz','2023-11-10 07:43:05'),
	(X'C8F1A11B7F9C11EE9D7342010AAC0008','GIB075701',X'C8EEA4FD7F9C11EE9D7342010AAC0008','lvonburg','Lian','von Burg','2023-11-10 07:43:05'),
	(X'C8F1A2127F9C11EE9D7342010AAC0008','GIB076579',X'C8EF08FE7F9C11EE9D7342010AAC0008','narm','Nico Andrea','Arm','2023-11-10 07:43:05'),
	(X'C8F1A2BE7F9C11EE9D7342010AAC0008','GIB077843',X'C8EF08FE7F9C11EE9D7342010AAC0008','pbucher','Philipp','Bucher','2023-11-10 07:43:05'),
	(X'C8F1A3B17F9C11EE9D7342010AAC0008','GIB075710',X'C8EF08FE7F9C11EE9D7342010AAC0008','edani','Elona','Dani','2023-11-10 07:43:05'),
	(X'C8F1A4477F9C11EE9D7342010AAC0008','GIB075708',X'C8EF08FE7F9C11EE9D7342010AAC0008','mfassbind3','Matteo','Fassbind','2023-11-10 07:43:05'),
	(X'C8F1A4E27F9C11EE9D7342010AAC0008','GIB075982',X'C8EF08FE7F9C11EE9D7342010AAC0008','mforst','Maxime','Forst','2023-11-10 07:43:05'),
	(X'C8F1A5737F9C11EE9D7342010AAC0008','GIB077743',X'C8EF08FE7F9C11EE9D7342010AAC0008','mgisler7','Matteo','Gisler','2023-11-10 07:43:05'),
	(X'C8F1A6197F9C11EE9D7342010AAC0008','GIB075837',X'C8EF08FE7F9C11EE9D7342010AAC0008','dgozutok','Deniz','Gözütok','2023-11-10 07:43:05'),
	(X'C8F1A6B17F9C11EE9D7342010AAC0008','GIB076581',X'C8EF08FE7F9C11EE9D7342010AAC0008','dgurung','David','Gurung','2023-11-10 07:43:05'),
	(X'C8F1BE4F7F9C11EE9D7342010AAC0008','GIB077151',X'C8EF08FE7F9C11EE9D7342010AAC0008','mhasse','Mathias','Hasse','2023-11-10 07:43:05'),
	(X'C8F1C0FC7F9C11EE9D7342010AAC0008','GIB077222',X'C8EF08FE7F9C11EE9D7342010AAC0008','amehila','Adam','Mehila','2023-11-10 07:43:05'),
	(X'C8F1CFFC7F9C11EE9D7342010AAC0008','GIB076331',X'C8EF08FE7F9C11EE9D7342010AAC0008','drabczenko','Dominik','Rabczenko','2023-11-10 07:43:05'),
	(X'C8F1D1627F9C11EE9D7342010AAC0008','GIB075010',X'C8EF08FE7F9C11EE9D7342010AAC0008','asadovnikov','Anton','Sadovnikov','2023-11-10 07:43:05'),
	(X'C8F1D2427F9C11EE9D7342010AAC0008','GIB072214',X'C8EF08FE7F9C11EE9D7342010AAC0008','dschneider2','David Matthias','Schneider','2023-11-10 07:43:05'),
	(X'C8F1D3177F9C11EE9D7342010AAC0008','GIB075709',X'C8EF08FE7F9C11EE9D7342010AAC0008','aserbina','Alexandra','Serbina','2023-11-10 07:43:05'),
	(X'DD0CFE153CF311EEACA842010AAC0005','GIB082148',X'DD0AF2CB3CF311EEACA842010AAC0005','shayoz','Svenja','Hayoz','2023-08-17 11:47:37'),
	(X'DD0D065E3CF311EEACA842010AAC0005','GIB082398',X'DD0AF2CB3CF311EEACA842010AAC0005','jreichmuth2','Joël','Reichmuth','2023-08-17 11:47:37'),
	(X'DD0D087B3CF311EEACA842010AAC0005','GIB082110',X'DD0AF2CB3CF311EEACA842010AAC0005','cbacker','Cedric','Backer','2023-08-17 11:47:37'),
	(X'DD0D091B3CF311EEACA842010AAC0005','GIB081712',X'DD0AF2CB3CF311EEACA842010AAC0005','dkoller','David','Koller','2023-08-17 11:47:37'),
	(X'DD0D09C83CF311EEACA842010AAC0005','GIB082397',X'DD0AF2CB3CF311EEACA842010AAC0005','mreichardt','Marc Angelo Duane','Reichardt','2023-08-17 11:47:37'),
	(X'DD0D0A5D3CF311EEACA842010AAC0005','GIB081713',X'DD0AF2CB3CF311EEACA842010AAC0005','finderbitzin','Florin Merlin Marajo','Inderbitzin','2023-08-17 11:47:37'),
	(X'DD0D0AFB3CF311EEACA842010AAC0005','GIB082147',X'DD0AF2CB3CF311EEACA842010AAC0005','mkrieg3','Marvin','Krieg','2023-08-17 11:47:37'),
	(X'DD0D0BE03CF311EEACA842010AAC0005','GIB083921',X'DD0AF2CB3CF311EEACA842010AAC0005','nkojic','Nikola','Kojic','2023-08-17 11:47:37'),
	(X'DD0D0D2F3CF311EEACA842010AAC0005','GIB082392',X'DD0AF2CB3CF311EEACA842010AAC0005','lattinger','Laurin Vincent','Attinger','2023-08-17 11:47:37'),
	(X'DD0D0E8A3CF311EEACA842010AAC0005','GIB082375',X'DD0AF2CB3CF311EEACA842010AAC0005','trajeswaran','Thusanthan','Rajeswaran','2023-08-17 11:47:37'),
	(X'DD0D0F603CF311EEACA842010AAC0005','GIB082396',X'DD0AF2CB3CF311EEACA842010AAC0005','jmarty3','Justin','Marty','2023-08-17 11:47:37'),
	(X'DD0D10283CF311EEACA842010AAC0005','GIB082393',X'DD0AF2CB3CF311EEACA842010AAC0005','jblaettler','Jamie','Blättler','2023-08-17 11:47:37'),
	(X'DD0D10F93CF311EEACA842010AAC0005','GIB082391',X'DD0AF2CB3CF311EEACA842010AAC0005','aamstutz','Adrian','Amstutz','2023-08-17 11:47:37'),
	(X'DD0D12613CF311EEACA842010AAC0005','GIB079173',X'DD0AFE433CF311EEACA842010AAC0005','fkottmann','Fabio','Kottmann','2023-08-17 11:47:37'),
	(X'DD0D132D3CF311EEACA842010AAC0005','GIB084976',X'DD0AFE433CF311EEACA842010AAC0005','ivanoli','Innocente','Vanoli','2023-08-17 11:47:37'),
	(X'DD0D13ED3CF311EEACA842010AAC0005','GIB081930',X'DD0AFE433CF311EEACA842010AAC0005','mmoeri2','Maurin','Möri','2023-08-17 11:47:37'),
	(X'DD0D14B73CF311EEACA842010AAC0005','GIB081705',X'DD0AFE433CF311EEACA842010AAC0005','sbruellhardt','Silas','Brüllhardt','2023-08-17 11:47:37'),
	(X'DD0D15813CF311EEACA842010AAC0005','GIB082390',X'DD0AFE433CF311EEACA842010AAC0005','naeberhard','Nico','Aeberhard','2023-08-17 11:47:37'),
	(X'DD0D16623CF311EEACA842010AAC0005','GIB082395',X'DD0AFE433CF311EEACA842010AAC0005','slieb','Severin','Lieb','2023-08-17 11:47:37'),
	(X'DD0D173E3CF311EEACA842010AAC0005','GIB082394',X'DD0AFE433CF311EEACA842010AAC0005','kgjokaj','Kevin','Gjokaj','2023-08-17 11:47:37'),
	(X'DD0D18093CF311EEACA842010AAC0005','GIB082399',X'DD0AFE433CF311EEACA842010AAC0005','lsjoebom','Liam Raphael','Sjöbom','2023-08-17 11:47:37'),
	(X'DD0D19A13CF311EEACA842010AAC0005','GIB082710',X'DD0AFE433CF311EEACA842010AAC0005','rschmid4','Raphaël Lukas','Schmid','2023-08-17 11:47:37'),
	(X'DD0D1A7F3CF311EEACA842010AAC0005','GIB082709',X'DD0AFE433CF311EEACA842010AAC0005','mmuscoguiri','Mattia','Muscoguiri','2023-08-17 11:47:37'),
	(X'DD0D1B4D3CF311EEACA842010AAC0005','GIB083152',X'DD0AFE433CF311EEACA842010AAC0005','eoberbillig','Erik Alexander','Oberbillig','2023-08-17 11:47:37'),
	(X'DD0D1C393CF311EEACA842010AAC0005','GIB082400',X'DD0AFE433CF311EEACA842010AAC0005','rziegler3','Robin Eric','Ziegler','2023-08-17 11:47:37'),
	(X'DD0D1E3C3CF311EEACA842010AAC0005','GIB083335',X'DD0AFE433CF311EEACA842010AAC0005','lsteinke','Luka','Steinke','2023-08-17 11:47:37'),
	(X'DD0D1EE43CF311EEACA842010AAC0005','GIB080149',X'DD0AFF223CF311EEACA842010AAC0005','pgujer','Pablo','Gujer','2023-08-17 11:47:37'),
	(X'DD0D1F663CF311EEACA842010AAC0005','GIB081337',X'DD0AFF223CF311EEACA842010AAC0005','bpfister','Benjamin','Pfister','2023-08-17 11:47:37'),
	(X'DD0D1FE93CF311EEACA842010AAC0005','GIB084283',X'DD0AFF223CF311EEACA842010AAC0005','jwildi','Jonas','Wildi','2023-08-17 11:47:37'),
	(X'DD0D206F3CF311EEACA842010AAC0005','GIB083951',X'DD0AFF223CF311EEACA842010AAC0005','sdaudov','Said','Daudov','2023-08-17 11:47:37'),
	(X'DD0D20F73CF311EEACA842010AAC0005','GIB083955',X'DD0AFF223CF311EEACA842010AAC0005','rbadreddine','Ramy','Badreddine','2023-08-17 11:47:37'),
	(X'DD0D217D3CF311EEACA842010AAC0005','GIB081939',X'DD0AFF223CF311EEACA842010AAC0005','bwitpraechtiger','Ben','Witprächtiger','2023-08-17 11:47:37'),
	(X'DD0D22003CF311EEACA842010AAC0005','GIB083954',X'DD0AFF223CF311EEACA842010AAC0005','pfoteinopoulos','Pavlos','Foteinopoulos','2023-08-17 11:47:37'),
	(X'DD0D22813CF311EEACA842010AAC0005','GIB084923',X'DD0AFF223CF311EEACA842010AAC0005','apintopanxha','Adrian','Pinto Panxha','2023-08-17 11:47:37'),
	(X'DD0D23073CF311EEACA842010AAC0005','GIB083770',X'DD0AFF223CF311EEACA842010AAC0005','mmoll','Marco','Moll','2023-08-17 11:47:37'),
	(X'DD0D238C3CF311EEACA842010AAC0005','GIB083246',X'DD0AFF223CF311EEACA842010AAC0005','kkapanadze','Kakhi','Kapanadze','2023-08-17 11:47:37'),
	(X'DD0D240B3CF311EEACA842010AAC0005','GIB083249',X'DD0AFF223CF311EEACA842010AAC0005','lsantos','Leonardo','Santos','2023-08-17 11:47:37'),
	(X'DD0D24933CF311EEACA842010AAC0005','GIB083248',X'DD0AFF223CF311EEACA842010AAC0005','snasiri','Saijda','Nasiri','2023-08-17 11:47:37'),
	(X'DD0D253A3CF311EEACA842010AAC0005','GIB083724',X'DD0AFF223CF311EEACA842010AAC0005','theise','Timo','Heise','2023-08-17 11:47:37'),
	(X'DD0D26613CF311EEACA842010AAC0005','GIB083247',X'DD0AFF223CF311EEACA842010AAC0005','emoretti','Elisa','Moretti','2023-08-17 11:47:37'),
	(X'DD0D27443CF311EEACA842010AAC0005','GIB083357',X'DD0AFF223CF311EEACA842010AAC0005','vottokovacs','Vilmos','Ottó-Kovács','2023-08-17 11:47:37'),
	(X'DD0D28143CF311EEACA842010AAC0005','GIB083250',X'DD0AFF223CF311EEACA842010AAC0005','nsimon','Noah','Simon','2023-08-17 11:47:37'),
	(X'DD0D28E63CF311EEACA842010AAC0005','GIB083245',X'DD0AFF223CF311EEACA842010AAC0005','rgarati','Ryan Joël','Garati','2023-08-17 11:47:37'),
	(X'DD0D29903CF311EEACA842010AAC0005','GIB082367',X'DD0AFFA03CF311EEACA842010AAC0005','azumbuehl2','Adrian','Zumbühl','2023-08-17 11:47:37'),
	(X'DD0D2A2A3CF311EEACA842010AAC0005','GIB083919',X'DD0AFFA03CF311EEACA842010AAC0005','saufdermaur','Sebastian','Auf der Maur','2023-08-17 11:47:37'),
	(X'DD0D2AB63CF311EEACA842010AAC0005','GIB084702',X'DD0AFFA03CF311EEACA842010AAC0005','wherzog','Wanda Lou','Herzog','2023-08-17 11:47:37'),
	(X'DD0D2B443CF311EEACA842010AAC0005','GIB082368',X'DD0AFFA03CF311EEACA842010AAC0005','bpranjic','Bernard','Pranjic','2023-08-17 11:47:37'),
	(X'DD0D2BCA3CF311EEACA842010AAC0005','GIB083778',X'DD0AFFA03CF311EEACA842010AAC0005','kduli','Kornél','Duli','2023-08-17 11:47:37'),
	(X'DD0D2C563CF311EEACA842010AAC0005','GIB082369',X'DD0AFFA03CF311EEACA842010AAC0005','theller2','Tino','Heller','2023-08-17 11:47:37'),
	(X'DD0D2CF23CF311EEACA842010AAC0005','GIB083780',X'DD0AFFA03CF311EEACA842010AAC0005','dbernet2','Daniel','Bernet','2023-08-17 11:47:37'),
	(X'DD0D2D753CF311EEACA842010AAC0005','GIB083586',X'DD0AFFA03CF311EEACA842010AAC0005','akrausruppert','Annika Karin','Kraus-Ruppert','2023-08-17 11:47:37'),
	(X'DD0D2DF93CF311EEACA842010AAC0005','GIB082270',X'DD0AFFA03CF311EEACA842010AAC0005','dnief','Daniel','Nief','2023-08-17 11:47:37'),
	(X'DD0D31633CF311EEACA842010AAC0005','GIB083952',X'DD0AFFA03CF311EEACA842010AAC0005','kkrukenytskyi','Kyrylo-Tadei','Krukenytskyi','2023-08-17 11:47:37'),
	(X'DD0D31FD3CF311EEACA842010AAC0005','GIB082786',X'DD0AFFA03CF311EEACA842010AAC0005','criedel','Cederic','Riedel','2023-08-17 11:47:37'),
	(X'DD0D32823CF311EEACA842010AAC0005','GIB084687',X'DD0AFFA03CF311EEACA842010AAC0005','memch','Medea','Emch','2023-08-17 11:47:37');

/*!40000 ALTER TABLE `student` ENABLE KEYS */;
UNLOCK TABLES;


# Tabellen-Dump token
# ------------------------------------------------------------

DROP TABLE IF EXISTS `token`;

CREATE TABLE `token` (
  `id` binary(16) NOT NULL DEFAULT (uuid_to_bin(uuid())),
  `student_id` binary(16) NOT NULL,
  `is_used` tinyint(1) NOT NULL,
  `created_at` timestamp NOT NULL DEFAULT CURRENT_TIMESTAMP,
  PRIMARY KEY (`id`),
  KEY `fk_student` (`student_id`),
  CONSTRAINT `fk_student` FOREIGN KEY (`student_id`) REFERENCES `student` (`id`) ON DELETE CASCADE
) ENGINE=InnoDB DEFAULT CHARSET=utf8mb4 COLLATE=utf8mb4_0900_ai_ci;

LOCK TABLES `token` WRITE;
/*!40000 ALTER TABLE `token` DISABLE KEYS */;

INSERT INTO `token` (`id`, `student_id`, `is_used`, `created_at`)
VALUES
	(X'9ACF24744A6811EE92C542010AAC0006',X'843A9A844A6811EE92C542010AAC0006',0,'2023-09-03 14:46:02'),
	(X'A3B4359E3A0E11EEACA842010AAC0005',X'0198993D39F811EEACA842010AAC0005',0,'2023-08-13 19:21:44'),
	(X'EDF5A46B4A6611EE92C542010AAC0006',X'57CB07CB48D511EEACA842010AAC0005',0,'2023-09-03 14:34:03'),
	(X'EDF5AF094A6611EE92C542010AAC0006',X'57CB742D48D511EEACA842010AAC0005',0,'2023-09-03 14:34:03'),
	(X'EDF5B1E14A6611EE92C542010AAC0006',X'57CB77BD48D511EEACA842010AAC0005',0,'2023-09-03 14:34:03'),
	(X'EDF5B2AB4A6611EE92C542010AAC0006',X'57CB78C148D511EEACA842010AAC0005',0,'2023-09-03 14:34:03'),
	(X'EDF5B5084A6611EE92C542010AAC0006',X'57CB7F1248D511EEACA842010AAC0005',0,'2023-09-03 14:34:03'),
	(X'EDF5B6194A6611EE92C542010AAC0006',X'57CB816648D511EEACA842010AAC0005',0,'2023-09-03 14:34:03'),
	(X'EDF5B8504A6611EE92C542010AAC0006',X'57CB826248D511EEACA842010AAC0005',0,'2023-09-03 14:34:03'),
	(X'EDF5B9144A6611EE92C542010AAC0006',X'57CB844048D511EEACA842010AAC0005',0,'2023-09-03 14:34:03'),
	(X'EDF5BA294A6611EE92C542010AAC0006',X'57CB854448D511EEACA842010AAC0005',0,'2023-09-03 14:34:03'),
	(X'EDF5BAC94A6611EE92C542010AAC0006',X'57CB862848D511EEACA842010AAC0005',0,'2023-09-03 14:34:03'),
	(X'F68D66837FB011EE9D7342010AAC0008',X'C8F158857F9C11EE9D7342010AAC0008',0,'2023-11-10 10:07:32'),
	(X'F68D70027FB011EE9D7342010AAC0008',X'C8F161837F9C11EE9D7342010AAC0008',0,'2023-11-10 10:07:32'),
	(X'F68D73187FB011EE9D7342010AAC0008',X'C8F163437F9C11EE9D7342010AAC0008',0,'2023-11-10 10:07:32'),
	(X'F68D739F7FB011EE9D7342010AAC0008',X'C8F1649E7F9C11EE9D7342010AAC0008',0,'2023-11-10 10:07:32'),
	(X'F68D74047FB011EE9D7342010AAC0008',X'C8F165507F9C11EE9D7342010AAC0008',0,'2023-11-10 10:07:32'),
	(X'F68D74687FB011EE9D7342010AAC0008',X'C8F165F47F9C11EE9D7342010AAC0008',0,'2023-11-10 10:07:32'),
	(X'F68D759B7FB011EE9D7342010AAC0008',X'C8F1668C7F9C11EE9D7342010AAC0008',0,'2023-11-10 10:07:32'),
	(X'F68D76AE7FB011EE9D7342010AAC0008',X'C8F167257F9C11EE9D7342010AAC0008',0,'2023-11-10 10:07:32'),
	(X'F68D770B7FB011EE9D7342010AAC0008',X'C8F167BE7F9C11EE9D7342010AAC0008',0,'2023-11-10 10:07:32'),
	(X'F68DAC1D7FB011EE9D7342010AAC0008',X'C8F18DFC7F9C11EE9D7342010AAC0008',0,'2023-11-10 10:07:32'),
	(X'F68DADBC7FB011EE9D7342010AAC0008',X'C8F1911C7F9C11EE9D7342010AAC0008',0,'2023-11-10 10:07:32'),
	(X'F68DAE2E7FB011EE9D7342010AAC0008',X'C8F192047F9C11EE9D7342010AAC0008',0,'2023-11-10 10:07:32'),
	(X'F68DAE8C7FB011EE9D7342010AAC0008',X'C8F192A87F9C11EE9D7342010AAC0008',0,'2023-11-10 10:07:32'),
	(X'F68DAEF87FB011EE9D7342010AAC0008',X'C8F1937F7F9C11EE9D7342010AAC0008',0,'2023-11-10 10:07:32'),
	(X'F68DAF567FB011EE9D7342010AAC0008',X'C8F1941B7F9C11EE9D7342010AAC0008',0,'2023-11-10 10:07:32'),
	(X'F68DAFB17FB011EE9D7342010AAC0008',X'C8F194B17F9C11EE9D7342010AAC0008',0,'2023-11-10 10:07:32'),
	(X'F68DB0107FB011EE9D7342010AAC0008',X'C8F198537F9C11EE9D7342010AAC0008',0,'2023-11-10 10:07:32'),
	(X'F68DB06C7FB011EE9D7342010AAC0008',X'C8F19EF17F9C11EE9D7342010AAC0008',0,'2023-11-10 10:07:32'),
	(X'F68DB0C47FB011EE9D7342010AAC0008',X'C8F1A11B7F9C11EE9D7342010AAC0008',0,'2023-11-10 10:07:32'),
	(X'F68DB11F7FB011EE9D7342010AAC0008',X'C8F1A2127F9C11EE9D7342010AAC0008',0,'2023-11-10 10:07:32'),
	(X'F68DB1757FB011EE9D7342010AAC0008',X'C8F1A2BE7F9C11EE9D7342010AAC0008',0,'2023-11-10 10:07:32'),
	(X'F68DB1D17FB011EE9D7342010AAC0008',X'C8F1A3B17F9C11EE9D7342010AAC0008',0,'2023-11-10 10:07:32'),
	(X'F68DB2267FB011EE9D7342010AAC0008',X'C8F1A4477F9C11EE9D7342010AAC0008',0,'2023-11-10 10:07:32'),
	(X'F68DB27E7FB011EE9D7342010AAC0008',X'C8F1A4E27F9C11EE9D7342010AAC0008',0,'2023-11-10 10:07:32'),
	(X'F68DB2D27FB011EE9D7342010AAC0008',X'C8F1A5737F9C11EE9D7342010AAC0008',0,'2023-11-10 10:07:32'),
	(X'F68DB33B7FB011EE9D7342010AAC0008',X'C8F1A6197F9C11EE9D7342010AAC0008',0,'2023-11-10 10:07:32'),
	(X'F68DB3B37FB011EE9D7342010AAC0008',X'C8F1A6B17F9C11EE9D7342010AAC0008',0,'2023-11-10 10:07:32'),
	(X'F68DB40F7FB011EE9D7342010AAC0008',X'C8F1BE4F7F9C11EE9D7342010AAC0008',0,'2023-11-10 10:07:32'),
	(X'F68DB4637FB011EE9D7342010AAC0008',X'C8F1C0FC7F9C11EE9D7342010AAC0008',0,'2023-11-10 10:07:32'),
	(X'F68DB4B97FB011EE9D7342010AAC0008',X'C8F1CFFC7F9C11EE9D7342010AAC0008',0,'2023-11-10 10:07:32'),
	(X'F68DB50B7FB011EE9D7342010AAC0008',X'C8F1D1627F9C11EE9D7342010AAC0008',0,'2023-11-10 10:07:32'),
	(X'F68DB55E7FB011EE9D7342010AAC0008',X'C8F1D2427F9C11EE9D7342010AAC0008',0,'2023-11-10 10:07:32'),
	(X'F68DB6DA7FB011EE9D7342010AAC0008',X'C8F1D3177F9C11EE9D7342010AAC0008',0,'2023-11-10 10:07:32'),
	(X'FE80C6AE3CF411EEACA842010AAC0005',X'DD0D12613CF311EEACA842010AAC0005',0,'2023-08-17 11:55:43'),
	(X'FE80CD503CF411EEACA842010AAC0005',X'DD0D1EE43CF311EEACA842010AAC0005',0,'2023-08-17 11:55:43'),
	(X'FE80CEF63CF411EEACA842010AAC0005',X'DD0D1F663CF311EEACA842010AAC0005',0,'2023-08-17 11:55:43'),
	(X'FE80CFA13CF411EEACA842010AAC0005',X'DD0D14B73CF311EEACA842010AAC0005',0,'2023-08-17 11:55:43'),
	(X'FE80D02F3CF411EEACA842010AAC0005',X'DD0D091B3CF311EEACA842010AAC0005',0,'2023-08-17 11:55:43'),
	(X'FE80D0B83CF411EEACA842010AAC0005',X'DD0D0A5D3CF311EEACA842010AAC0005',0,'2023-08-17 11:55:43'),
	(X'FE80D1373CF411EEACA842010AAC0005',X'DD0D13ED3CF311EEACA842010AAC0005',0,'2023-08-17 11:55:43'),
	(X'FE80D1E63CF411EEACA842010AAC0005',X'DD0D217D3CF311EEACA842010AAC0005',0,'2023-08-17 11:55:43'),
	(X'FE80D2943CF411EEACA842010AAC0005',X'DD0D087B3CF311EEACA842010AAC0005',0,'2023-08-17 11:55:43'),
	(X'FE80D30E3CF411EEACA842010AAC0005',X'DD0D0AFB3CF311EEACA842010AAC0005',0,'2023-08-17 11:55:43'),
	(X'FE80D4A83CF411EEACA842010AAC0005',X'DD0CFE153CF311EEACA842010AAC0005',0,'2023-08-17 11:55:43'),
	(X'FE80D5493CF411EEACA842010AAC0005',X'DD0D2DF93CF311EEACA842010AAC0005',0,'2023-08-17 11:55:43'),
	(X'FE80D5D13CF411EEACA842010AAC0005',X'DD0D29903CF311EEACA842010AAC0005',0,'2023-08-17 11:55:43'),
	(X'FE80D67B3CF411EEACA842010AAC0005',X'DD0D2B443CF311EEACA842010AAC0005',0,'2023-08-17 11:55:43'),
	(X'FE80D7073CF411EEACA842010AAC0005',X'DD0D2C563CF311EEACA842010AAC0005',0,'2023-08-17 11:55:43'),
	(X'FE80D7843CF411EEACA842010AAC0005',X'DD0D0E8A3CF311EEACA842010AAC0005',0,'2023-08-17 11:55:43'),
	(X'FE80D8083CF411EEACA842010AAC0005',X'DD0D15813CF311EEACA842010AAC0005',0,'2023-08-17 11:55:43'),
	(X'FE80D9203CF411EEACA842010AAC0005',X'DD0D10F93CF311EEACA842010AAC0005',0,'2023-08-17 11:55:43'),
	(X'FE80D9AB3CF411EEACA842010AAC0005',X'DD0D0D2F3CF311EEACA842010AAC0005',0,'2023-08-17 11:55:43'),
	(X'FE80DA2B3CF411EEACA842010AAC0005',X'DD0D10283CF311EEACA842010AAC0005',0,'2023-08-17 11:55:43'),
	(X'FE80DAAC3CF411EEACA842010AAC0005',X'DD0D173E3CF311EEACA842010AAC0005',0,'2023-08-17 11:55:43'),
	(X'FE80DB373CF411EEACA842010AAC0005',X'DD0D16623CF311EEACA842010AAC0005',0,'2023-08-17 11:55:43'),
	(X'FE80DBB13CF411EEACA842010AAC0005',X'DD0D0F603CF311EEACA842010AAC0005',0,'2023-08-17 11:55:43'),
	(X'FE80DC333CF411EEACA842010AAC0005',X'DD0D09C83CF311EEACA842010AAC0005',0,'2023-08-17 11:55:43'),
	(X'FE80DCB63CF411EEACA842010AAC0005',X'DD0D065E3CF311EEACA842010AAC0005',0,'2023-08-17 11:55:43'),
	(X'FE80DD503CF411EEACA842010AAC0005',X'DD0D18093CF311EEACA842010AAC0005',0,'2023-08-17 11:55:43'),
	(X'FE80DFD43CF411EEACA842010AAC0005',X'DD0D1C393CF311EEACA842010AAC0005',0,'2023-08-17 11:55:43'),
	(X'FE80E0AE3CF411EEACA842010AAC0005',X'DD0D1A7F3CF311EEACA842010AAC0005',0,'2023-08-17 11:55:43'),
	(X'FE80E1313CF411EEACA842010AAC0005',X'DD0D19A13CF311EEACA842010AAC0005',0,'2023-08-17 11:55:43'),
	(X'FE80E1B23CF411EEACA842010AAC0005',X'DD0D31FD3CF311EEACA842010AAC0005',0,'2023-08-17 11:55:43'),
	(X'FE80E2343CF411EEACA842010AAC0005',X'DD0D1B4D3CF311EEACA842010AAC0005',0,'2023-08-17 11:55:43'),
	(X'FE80E2AD3CF411EEACA842010AAC0005',X'DD0D28E63CF311EEACA842010AAC0005',0,'2023-08-17 11:55:43'),
	(X'FE80E3233CF411EEACA842010AAC0005',X'DD0D238C3CF311EEACA842010AAC0005',0,'2023-08-17 11:55:43'),
	(X'FE80E3A33CF411EEACA842010AAC0005',X'DD0D26613CF311EEACA842010AAC0005',0,'2023-08-17 11:55:43'),
	(X'FE80E4273CF411EEACA842010AAC0005',X'DD0D24933CF311EEACA842010AAC0005',0,'2023-08-17 11:55:43'),
	(X'FE80E4A83CF411EEACA842010AAC0005',X'DD0D240B3CF311EEACA842010AAC0005',0,'2023-08-17 11:55:43'),
	(X'FE80E5203CF411EEACA842010AAC0005',X'DD0D28143CF311EEACA842010AAC0005',0,'2023-08-17 11:55:43'),
	(X'FE80E5A83CF411EEACA842010AAC0005',X'DD0D1E3C3CF311EEACA842010AAC0005',0,'2023-08-17 11:55:43'),
	(X'FE80E62E3CF411EEACA842010AAC0005',X'DD0D27443CF311EEACA842010AAC0005',0,'2023-08-17 11:55:43'),
	(X'FE80E6BD3CF411EEACA842010AAC0005',X'DD0D2D753CF311EEACA842010AAC0005',0,'2023-08-17 11:55:43'),
	(X'FE80E7443CF411EEACA842010AAC0005',X'DD0D253A3CF311EEACA842010AAC0005',0,'2023-08-17 11:55:43'),
	(X'FE80E7D83CF411EEACA842010AAC0005',X'DD0D23073CF311EEACA842010AAC0005',0,'2023-08-17 11:55:43'),
	(X'FE80E85B3CF411EEACA842010AAC0005',X'DD0D2BCA3CF311EEACA842010AAC0005',0,'2023-08-17 11:55:43'),
	(X'FE81163D3CF411EEACA842010AAC0005',X'DD0D2CF23CF311EEACA842010AAC0005',0,'2023-08-17 11:55:43'),
	(X'FE8117903CF411EEACA842010AAC0005',X'DD0D2A2A3CF311EEACA842010AAC0005',0,'2023-08-17 11:55:43'),
	(X'FE81182D3CF411EEACA842010AAC0005',X'DD0D0BE03CF311EEACA842010AAC0005',0,'2023-08-17 11:55:43'),
	(X'FE8118C03CF411EEACA842010AAC0005',X'DD0D206F3CF311EEACA842010AAC0005',0,'2023-08-17 11:55:43'),
	(X'FE81194E3CF411EEACA842010AAC0005',X'DD0D31633CF311EEACA842010AAC0005',0,'2023-08-17 11:55:43'),
	(X'FE8119D13CF411EEACA842010AAC0005',X'DD0D22003CF311EEACA842010AAC0005',0,'2023-08-17 11:55:43'),
	(X'FE811A793CF411EEACA842010AAC0005',X'DD0D20F73CF311EEACA842010AAC0005',0,'2023-08-17 11:55:43'),
	(X'FE811B083CF411EEACA842010AAC0005',X'DD0D1FE93CF311EEACA842010AAC0005',0,'2023-08-17 11:55:43'),
	(X'FE811B8B3CF411EEACA842010AAC0005',X'DD0D32823CF311EEACA842010AAC0005',0,'2023-08-17 11:55:43'),
	(X'FE811BF53CF411EEACA842010AAC0005',X'DD0D2AB63CF311EEACA842010AAC0005',0,'2023-08-17 11:55:43'),
	(X'FE811C4A3CF411EEACA842010AAC0005',X'DD0D22813CF311EEACA842010AAC0005',0,'2023-08-17 11:55:43'),
	(X'FE811C9E3CF411EEACA842010AAC0005',X'DD0D132D3CF311EEACA842010AAC0005',0,'2023-08-17 11:55:43');

/*!40000 ALTER TABLE `token` ENABLE KEYS */;
UNLOCK TABLES;



/*!40111 SET SQL_NOTES=@OLD_SQL_NOTES */;
/*!40101 SET SQL_MODE=@OLD_SQL_MODE */;
/*!40014 SET FOREIGN_KEY_CHECKS=@OLD_FOREIGN_KEY_CHECKS */;
/*!40101 SET CHARACTER_SET_CLIENT=@OLD_CHARACTER_SET_CLIENT */;
/*!40101 SET CHARACTER_SET_RESULTS=@OLD_CHARACTER_SET_RESULTS */;
/*!40101 SET COLLATION_CONNECTION=@OLD_COLLATION_CONNECTION */;
